,issue_id,type,status,resolution,component,priority,reporter,created,assigned,assignee,resolved,created.1,assigned.1,summary,description,affected_version,fixed_version,votes,watches,description_words,assingnee_count,comment_count,commenter,Surprising,Dormant,Blocker,Security,Performance,Breakage,commit_count,file_count,files
2,92,Bug,Resolved,Fixed,ambari-agent   ,Major,Eric Yang,2011/10/21 19:14:29 +0100,2011/10/21 19:14:29 +0100,Eric Yang,2011/10/21 19:17:12 +0100,0.001886574,0.001886574,Agent should retry heartbeat message  if controller did not receive the heartbeat   ,If the heartbeat was not received correctly by the controller  then it should retry.   ,0.1.0,0.1.0,0,0,14,1,0,0,0,0,0,0,0,0,0,0,
3,103,Improvement,Resolved,Fixed,ambari-server; ambari-web   ,Major,Eric Yang,2011/10/26 19:18:07 +0100,2011/10/26 19:18:07 +0100,Eric Yang,2011/10/26 19:25:26 +0100,0.005081019,0.005081019,Remove agent entities beans from public schema xsd   ,Agent entities beans are located ambari-client: org.apache.ambari.common.rest.entities.agent. Hence  schema xsd generation for public rest api will include agent entities beans. We should move it to org.apache.ambari.common.rest.agent to exclude agent entities to expose to public.   ,0.1.0,0.1.0,0,0,34,1,0,0,0,0,0,0,0,0,0,0,
5,198,Bug,Resolved,Fixed,ambari-server   ,Major,Jitendra Nath Pandey,2012/05/09 21:55:54 +0100,2012/05/09 21:55:54 +0100,Jitendra Nath Pandey,2012/05/09 23:17:43 +0100,0.05681713,0.05681713,Dependency of templeton on hcat client   ,hcat client should be installed at the templeton server node.   ,0.9.0,0.9.0,0,0,10,1,1,1,1,0,0,0,0,0,1,2,CHANGES.txt;hmc/php/puppet/genmanifest/PuppetClassDependencies.php;
6,199,Bug,Resolved,Fixed,ambari-server   ,Major,Jitendra Nath Pandey,2012/05/09 22:05:24 +0100,2012/05/09 22:05:24 +0100,Jitendra Nath Pandey,2012/05/09 23:20:11 +0100,0.05193287,0.05193287,Remove import of mysql puppet module from manifest.   ,Remove import of mysql puppet module from manifest because this module is deprecated.   ,0.9.0,0.9.0,0,0,13,1,1,1,1,0,0,0,0,0,1,2,CHANGES.txt;hmc/php/puppet/genmanifest/generateManifest.php;
17,247,Bug,Resolved,Fixed,   ,Major,Varun Kapoor,2012/05/15 02:13:48 +0100,2012/05/15 02:13:48 +0100,Varun Kapoor,2012/06/05 23:47:38 +0100,21.89849537,21.89849537,Replace index.php with clusters.php   ,Like the title says: overwrite index.php with the contents of clusters.php  making sure to add a link to the AddNodesWizard as well.   ,0.9.0,0.9.0,0,2,22,1,1,1,0,0,0,0,0,0,0,0,
18,249,Bug,Resolved,Fixed,   ,Major,Vikram Dixit K,2012/05/15 03:03:35 +0100,2012/05/15 03:03:35 +0100,Vikram Dixit K,2012/05/18 07:06:07 +0100,3.1684259260000003,3.1684259260000003,Uninstall support from UI   ,Uninstall/wipeout support from UI.   ,0.9.0,0.9.0,0,2,4,1,4,2,0,0,0,0,0,0,0,0,
19,252,Bug,Resolved,Fixed,   ,Major,Varun Kapoor,2012/05/15 21:27:32 +0100,2012/05/15 21:27:32 +0100,Varun Kapoor,2012/05/17 20:57:31 +0100,1.9791550930000001,1.9791550930000001,Remove 'Playground' files from HMC   ,There's a bunch of (temporary playground) files that got wrongly committed to the HMC codebase  so this is to remove all of them and get things into a cleaner state (at least on the face of things).   ,0.9.0,0.9.0,0,2,37,1,2,2,0,0,0,0,0,0,0,0,
20,253,Bug,Resolved,Fixed,   ,Major,Ramya Sunil,2012/05/15 21:32:31 +0100,2012/05/15 21:32:31 +0100,Ramya Sunil,2012/05/17 20:58:51 +0100,1.97662037,1.97662037,Support uninstall state in mysql modules   ,Currently  there is no support for uninstall of mysql package.   ,0.9.0,0.9.0,0,1,10,1,2,1,0,0,0,0,0,0,0,0,
21,255,Bug,Resolved,Fixed,   ,Minor,Varun Kapoor,2012/05/15 22:46:46 +0100,2012/05/15 22:46:46 +0100,Varun Kapoor,2012/05/17 20:57:02 +0100,1.923796296,1.923796296,Rename/Relocate files as appropriate   ,There's some images in the html/ directory (that should be in images/)  there's .html files whose extension should be changed to .htmli  and such  that would be nice to clean up.   ,0.9.0,0.9.0,0,2,31,1,2,2,0,0,0,0,0,0,0,0,
29,283,Bug,Resolved,Fixed,   ,Major,Vikram Dixit K,2012/05/17 01:11:44 +0100,2012/05/17 01:11:44 +0100,Vinod Kumar Vavilapalli,2012/05/18 20:37:47 +0100,1.809756944,1.809756944,Fixup review and deploy rendering   ,Currently render of the review and deploy page is messy.   ,0.9.0,0.9.0,0,3,10,1,2,2,0,0,0,0,0,0,0,0,
30,287,Bug,Resolved,Fixed,ambari-server; ambari-web   ,Major,Vikram Dixit K,2012/05/17 02:49:45 +0100,2012/05/17 02:49:45 +0100,Vikram Dixit K,2012/06/07 05:27:14 +0100,21.10936343,21.10936343,Add link to uninstall on index page   ,Uninstall link is now hooked into the index page.   ,0.9.0,0.9.0,0,2,9,1,3,2,0,0,0,0,0,0,0,0,
31,290,Bug,Resolved,Fixed,ambari-server   ,Major,Jitendra Nath Pandey,2012/05/17 03:49:18 +0100,2012/05/17 03:49:18 +0100,Varun Kapoor,2012/05/17 03:52:12 +0100,0.002013889,0.002013889,Comment in addNodesWizardInit.js.   ,Comment in addNodesWizardInit.js.   ,0.9.0,0.9.0,0,1,3,1,1,1,0,0,0,0,0,0,0,0,
32,292,Bug,Resolved,Fixed,ambari-web   ,Major,Jitendra Nath Pandey,2012/05/17 03:55:34 +0100,2012/05/17 03:55:34 +0100,Varun Kapoor,2012/05/17 03:58:26 +0100,0.001990741,0.001990741,HTML being spewed in the Review+Deploy page.   ,HTML being spewed in the Review+Deploy page.   ,0.9.0,0.9.0,0,1,7,1,1,1,0,0,0,0,0,0,0,0,
35,304,Bug,Resolved,Fixed,   ,Major,Vinod Kumar Vavilapalli,2012/05/17 22:51:13 +0100,2012/05/17 22:51:13 +0100,Vinod Kumar Vavilapalli,2012/06/02 01:25:33 +0100,15.10717593,15.10717593,Upgrade to yui-3.5.1   ,   ,0.9.0,0.9.0,0,2,1,1,2,2,0,0,0,0,0,0,0,0,
36,310,Bug,Resolved,Fixed,   ,Major,Yusaku Sako,2012/05/18 04:11:17 +0100,2012/05/18 04:11:17 +0100,Yusaku Sako,2012/06/01 23:48:51 +0100,14.81775463,14.81775463,Externalize message resources for the welcome page.  Update styles on various pages.   ,   ,0.9.0,0.9.0,0,2,1,1,1,1,0,0,0,0,0,0,0,0,
37,312,Bug,Resolved,Fixed,   ,Minor,Hitesh Shah,2012/05/18 18:03:47 +0100,2012/05/18 18:03:47 +0100,Hitesh Shah,2012/06/01 23:58:33 +0100,14.24636574,14.24636574,Uninstall's wipe flag should be correctly passed to puppet   ,   ,0.9.0,0.9.0,0,2,1,1,1,1,0,0,0,0,0,0,0,0,
38,316,Bug,Resolved,Fixed,   ,Major,Vinod Kumar Vavilapalli,2012/05/18 21:33:10 +0100,2012/05/18 21:33:10 +0100,Vinod Kumar Vavilapalli,2012/06/05 22:46:22 +0100,18.05083333,18.05083333,Grid mount points page doesn't let one pass with only a custom mount point   ,   ,0.9.0,0.9.0,0,2,1,1,2,2,0,0,0,0,0,0,0,0,
39,319,Bug,Resolved,Fixed,ambari-server   ,Major,Jitendra Nath Pandey,2012/05/18 22:46:41 +0100,2012/05/18 22:46:41 +0100,Jitendra Nath Pandey,2012/06/02 01:30:40 +0100,14.11387731,14.11387731,Scale puppet master to large number of nodes.   ,Scale puppet master to large number of nodes.   ,0.9.0,0.9.0,0,3,8,1,1,1,0,0,0,0,0,0,0,0,
45,339,Bug,Resolved,Fixed,ambari-web   ,Major,Vikram Dixit K,2012/05/19 22:01:30 +0100,2012/05/20 01:39:12 +0100,Vikram Dixit K,2012/06/05 23:34:28 +0100,17.06456019,16.91337963,Making transitionToNextStage more robust   ,If the currentStage is null  we should not proceed with a transition.   ,0.9.0,0.9.0,0,1,12,1,1,1,0,0,0,0,0,0,0,0,
52,371,Bug,Resolved,Fixed,ambari-server   ,Major,Jitendra Nath Pandey,2012/05/22 00:51:49 +0100,2012/05/22 00:51:49 +0100,Jitendra Nath Pandey,2012/06/06 22:06:06 +0100,15.88491898,15.88491898,Mysql packages not being sent during install and uninstall   ,Mysql packages not being sent during install and uninstall.   ,0.9.0,0.9.0,0,2,9,1,1,1,0,0,0,0,0,0,0,0,
53,377,Bug,Resolved,Fixed,ambari-server   ,Major,Jitendra Nath Pandey,2012/05/22 07:41:39 +0100,2012/05/22 07:41:39 +0100,Jitendra Nath Pandey,2012/06/06 22:30:57 +0100,15.61756944,15.61756944,Uninstall does not handle component dependencies.   ,Uninstall does not handle component dependencies.   ,0.9.0,0.9.0,0,2,6,1,2,1,0,0,0,0,0,0,0,0,
57,399,Bug,Resolved,Fixed,   ,Major,Yusaku Sako,2012/05/23 23:26:51 +0100,2012/05/23 23:26:51 +0100,Yusaku Sako,2012/06/06 23:26:35 +0100,13.99981481,13.99981481,Cannot uninstall - the page hangs with the spinning icon   ,   ,0.9.0,0.9.0,0,2,1,1,1,1,0,0,0,0,0,0,0,0,
60,404,Bug,Resolved,Fixed,   ,Major,Yusaku Sako,2012/05/24 04:14:10 +0100,2012/05/24 04:21:22 +0100,Yusaku Sako,2012/06/06 23:43:36 +0100,13.81210648,13.80710648,Unify the top nav for both Monitoring and Cluster Management   ,   ,0.9.0,0.9.0,0,2,1,1,1,1,0,0,0,0,0,0,0,0,
61,414,Bug,Resolved,Fixed,   ,Major,Mahadev konar,2012/05/25 19:05:33 +0100,2012/05/25 19:05:33 +0100,Mahadev konar,2012/06/07 01:32:57 +0100,12.26902778,12.26902778,Add rpm spec for hmc agent.   ,Add rpm spec for hmc agent.   ,0.9.0,0.9.0,0,2,6,1,2,2,0,0,0,0,0,0,0,0,
68,442,Bug,Resolved,Fixed,   ,Major,Ramya Sunil,2012/05/26 20:41:05 +0100,2012/05/26 20:41:05 +0100,Ramya Sunil,2012/06/07 02:08:43 +0100,11.22752315,11.22752315,Duplicate definition: Class[Hdp-hbase::Regionserver::Enable-ganglia]   ,Duplicate definition: Class&#91;Hdp-hbase::Regionserver::Enable-ganglia&#93; is already defined; cannot redefine at /etc/puppet/agent/modules/hdp-ganglia/manifests/monitor.pp:37 on node ip-10-64-19-248.ec2.internal   ,0.9.0,0.9.0,0,2,14,1,2,2,0,0,0,0,0,0,0,0,
70,450,Improvement,Resolved,Fixed,   ,Major,Yusaku Sako,2012/05/30 05:01:02 +0100,2012/05/30 05:01:02 +0100,Yusaku Sako,2012/06/07 02:22:24 +0100,7.889837963,7.889837963,Boldify/Redify restart HMC message when nagios/ganglia is on the hmc host   ,   ,0.9.0,0.9.0,0,2,1,1,1,1,0,0,0,0,0,0,0,0,
72,466,Bug,Resolved,Fixed,ambari-server; ambari-web   ,Major,Vikram Dixit K,2012/05/31 03:47:49 +0100,2012/05/31 03:47:49 +0100,Vikram Dixit K,2012/06/07 02:47:24 +0100,6.958043981,6.958043981,Add nodes page alerts removed in case of adding duplicate nodes   ,Alerts that are being shown needs to be changed to be compatible with current implementation of showing errors. A link now appears to 'Show the duplicate nodes' which shows the duplicate nodes.   ,0.9.0,0.9.0,0,1,32,1,1,1,0,0,0,0,0,0,0,0,
73,467,Bug,Resolved,Fixed,   ,Major,Mahadev konar,2012/05/31 05:52:48 +0100,2012/05/31 05:52:48 +0100,Mahadev konar,2012/06/07 02:50:08 +0100,6.873148147999999,6.873148147999999,Fix hive stop to escape $.   ,   ,0.9.0,0.9.0,0,2,1,1,1,1,0,0,0,0,0,0,0,0,
74,468,Bug,Resolved,Fixed,   ,Major,Yusaku Sako,2012/05/31 07:51:50 +0100,2012/05/31 07:51:50 +0100,Yusaku Sako,2012/06/07 02:55:00 +0100,6.793865741,6.793865741,Post-Install Add Nodes - update progress title and success/error messages to reflect what it's actually doing/has done   ,   ,0.9.0,0.9.0,0,2,1,1,1,1,0,0,0,0,0,0,0,0,
81,493,Bug,Resolved,Fixed,   ,Minor,Hitesh Shah,2012/06/02 00:03:22 +0100,2012/06/02 00:03:22 +0100,Hitesh Shah,2012/06/07 03:34:03 +0100,5.14630787,5.14630787,Add rack_info as column in Hosts table   ,   ,0.9.0,0.9.0,0,2,1,1,1,1,0,0,0,0,0,0,0,0,
82,494,Bug,Resolved,Fixed,   ,Major,Mahadev konar,2012/06/02 00:27:50 +0100,2012/06/02 00:27:50 +0100,Mahadev konar,2012/06/07 03:35:11 +0100,5.130104167,5.130104167,Fix node assignments not not allow slaves on master.   ,   ,0.9.0,0.9.0,0,2,1,1,1,1,0,0,0,1,0,0,0,0,
83,501,Improvement,Resolved,Fixed,   ,Major,Yusaku Sako,2012/06/02 23:17:49 +0100,2012/06/02 23:17:49 +0100,Yusaku Sako,2012/06/07 03:43:44 +0100,4.1846643519999995,4.1846643519999995,Speed up page load/reload times   ,   ,0.9.0,0.9.0,0,2,1,1,1,1,0,0,0,0,0,0,0,0,
84,508,Bug,Resolved,Fixed,   ,Major,Varun Kapoor,2012/06/05 02:40:11 +0100,2012/06/05 02:40:11 +0100,Varun Kapoor,2012/06/07 04:29:27 +0100,2.07587963,2.07587963,Support Resume For Add Nodes   ,Just like for Manage Services + Deploy + Uninstall.   ,0.9.0,0.9.0,0,2,9,1,2,2,0,0,0,0,0,0,0,0,
85,510,Bug,Resolved,Fixed,   ,Major,Yusaku Sako,2012/06/05 03:56:41 +0100,2012/06/05 03:56:41 +0100,Yusaku Sako,2012/06/07 04:31:21 +0100,2.024074074,2.024074074,Modify the router to force redirection to 'Add Nodes Progress' popup   ,   ,0.9.0,0.9.0,0,2,1,1,2,2,0,0,0,0,0,0,0,0,
86,512,Bug,Resolved,Fixed,   ,Major,Mahadev konar,2012/06/05 06:19:13 +0100,2012/06/05 06:19:13 +0100,Mahadev konar,2012/06/07 04:36:00 +0100,1.9283217590000001,1.9283217590000001,Fix puppet manifests for tarball downloads via rpms.   ,   ,0.9.0,0.9.0,0,2,1,1,1,1,0,0,0,0,0,0,0,0,
91,543,Bug,Resolved,Fixed,infra   ,Major,Vikram Dixit K,2012/06/09 03:01:03 +0100,2012/06/09 03:01:03 +0100,Vikram Dixit K,2012/06/09 03:10:25 +0100,0.00650463,0.00650463,Rpm naming needs to be corrected.   ,Rpm naming needs to be corrected.   ,0.9.0,0.9.0,0,2,6,1,1,1,0,0,0,0,0,0,0,0,
99,566,Bug,Resolved,Fixed,   ,Minor,Yusaku Sako,2012/06/20 22:21:17 +0100,2012/06/20 22:25:10 +0100,Yusaku Sako,2012/06/20 22:25:15 +0100,0.00275463,5.79e-05,Update documentation   ,Modify pom.xml to create output files under ../site  rather than ./target.Make minor wording modifications.   ,0.9.0,0.9.0,0,2,14,1,1,1,0,0,0,0,0,0,0,0,
101,570,Bug,Resolved,Fixed,   ,Minor,Yusaku Sako,2012/06/21 02:53:02 +0100,2012/06/21 02:53:02 +0100,Yusaku Sako,2012/06/21 02:55:17 +0100,0.0015625,0.0015625,Consolidate head tags for organization and combine CSS files for faster load   ,   ,0.9.0,0.9.0,0,1,1,1,0,0,0,0,0,0,1,0,0,0,
104,578,Bug,Resolved,Fixed,   ,Major,Yusaku Sako,2012/06/26 02:50:15 +0100,2012/06/26 02:50:15 +0100,Yusaku Sako,2012/06/30 06:44:47 +0100,4.16287037,4.16287037,Custom Config page: don't allow form submission if there are client-side validation errors   ,Currently the button looks disabled when there are client-side validation errors  but it is clickable. This is a problem because there is no server-side validation to make sure that the passwords match.   ,0.9.0,0.9.0,0,1,32,1,1,1,0,0,0,1,0,0,0,0,
105,581,Bug,Resolved,Fixed,   ,Major,Jaimin D Jetly,2012/06/27 23:32:51 +0100,2012/06/27 23:32:51 +0100,Jaimin D Jetly,2012/06/28 01:28:03 +0100,0.08,0.08,special characters in hosts files created on some common windows editors causes issues   ,   ,0.9.0,0.9.0,0,2,1,1,5,2,0,0,0,0,0,0,0,0,
106,587,Bug,Resolved,Fixed,ambari-agent; ambari-server; ambari-web; documentation; infra; site; test   ,Major,Vikram Dixit K,2012/06/30 01:52:18 +0100,2012/06/30 01:52:18 +0100,Vikram Dixit K,2012/07/03 03:28:57 +0100,3.0671180560000004,3.0671180560000004,Rat compliance patch   ,Adding apache license to all the files within Ambari for rat tool compliance.   ,0.9.0,0.9.0,0,2,13,1,5,2,0,0,0,0,0,0,0,0,
110,597,Bug,Resolved,Fixed,   ,Major,Mahadev konar,2012/07/05 07:00:08 +0100,2012/07/05 07:00:08 +0100,Mahadev konar,2012/07/05 07:13:33 +0100,0.00931713,0.00931713,Remove /usr/bin/php dependency from the rpm's   ,   ,0.9.0,1,0,1,1,1,2,1,0,0,0,0,0,0,0,0,
111,600,Bug,Resolved,Fixed,   ,Blocker,Hitesh Shah,2012/07/05 19:58:10 +0100,2012/07/05 20:09:29 +0100,Hitesh Shah,2012/07/05 23:10:23 +0100,0.133483796,0.125625,Fix lzo installs to work correctly on RHEL6   ,   ,0.9.0,1,0,1,1,1,1,1,0,0,1,0,0,0,0,0,
112,607,Bug,Resolved,Fixed,   ,Major,Hitesh Shah,2012/07/06 22:01:32 +0100,2012/07/06 22:01:32 +0100,Hitesh Shah,2012/07/06 22:26:22 +0100,0.01724537,0.01724537,Increase puppet timeouts to handle single-node installs timing out   ,   ,0.9.0,1,0,2,1,1,3,2,0,0,0,0,1,0,0,0,
115,628,Bug,Resolved,Fixed,   ,Major,Ashish Singh,2012/07/11 21:03:00 +0100,2012/07/12 21:41:48 +0100,Ashish Singh,2012/07/12 21:42:07 +0100,1.027164352,0.00022,hdp-nagios and hdp-monitoring has wrong configuration file location  also owner:group permissions are wrong.   ,Suse environment has wrong configuration location for hdp-dashboard and hdp-nagios. Also  owner:group permissions were wrongly set to root:root instead of 'wwwrun' and group is 'www   ,0.9.0,1,0,2,25,1,3,2,0,0,0,1,0,0,0,0,
116,633,Bug,Resolved,Fixed,   ,Minor,Yusaku Sako,2012/07/12 19:14:14 +0100,2012/07/12 19:14:14 +0100,Yusaku Sako,2012/07/12 19:23:47 +0100,0.006631944,0.006631944,Fix invalid HTML markup on Monitoring Dashboard   ,   ,0.9.0,1,0,1,1,1,1,1,0,0,0,0,0,0,0,0,
122,689,Bug,Resolved,Fixed,   ,Major,Mahadev konar,2012/08/29 01:22:06 +0100,2012/08/29 01:22:06 +0100,Mahadev konar,2012/08/29 01:25:13 +0100,0.002164352,0.002164352,Fix ambari agent init.d scripts and the bootstrapping.   ,   ,0.9.0,0.9.0,0,1,1,1,2,1,0,0,0,0,0,0,0,0,
124,1072,Improvement,Resolved,Fixed,ambari-web   ,Major,Srimanth Gunturi,2012/12/13 03:19:04 +0100,2012/12/13 03:19:04 +0100,Srimanth Gunturi,2013/01/10 20:58:25 +0100,28.73565972,28.73565972,Change text on alerts 'about XX hours ago'   ,Alerts should have text like :OK for about 17 hoursWARN for about 17 hoursCRIT for about 17 hours   ,1.2.0,1.2.0,0,2,18,1,1,1,1,0,0,0,0,0,0,0,
125,1081,Bug,Resolved,Fixed,ambari-web   ,Major,Srimanth Gunturi,2012/12/14 00:34:44 +0100,2012/12/14 00:34:44 +0100,Srimanth Gunturi,2013/01/10 21:41:36 +0100,27.87976852,27.87976852,HDFS disk capacity on dashboard is seen as negative number   ,Sometimes disk capacity calculations end up in negative numbers.   ,1.2.0,1.2.0,0,2,9,1,1,1,1,0,0,0,0,0,0,0,
126,1085,Bug,Resolved,Fixed,ambari-web   ,Major,Yusaku Sako,2012/12/14 02:31:17 +0100,2012/12/14 02:31:17 +0100,Yusaku Sako,2012/12/14 02:56:02 +0100,0.0171875,0.0171875,Remove files from ambari-web that were not meant to be checked in   ,ambari-web/node_modules  ambari-web/public  ambari-web/ambari.iml were not meant to be checked in. Must remove.   ,1.2.0,1.2.0,0,1,12,1,1,1,0,0,0,0,0,0,0,0,
127,1092,Bug,Resolved,Fixed,ambari-web   ,Major,Srimanth Gunturi,2012/12/17 01:54:56 +0100,2012/12/17 01:54:56 +0100,Srimanth Gunturi,2013/01/10 22:25:38 +0100,24.85465278,24.85465278,dashboard > Summary > capacity pie chart keeps changing colors   ,   ,1.2.0,1.2.0,0,2,1,1,1,1,0,0,0,0,0,0,0,0,
128,1096,Improvement,Resolved,Fixed,ambari-web   ,Major,Srimanth Gunturi,2012/12/17 21:55:56 +0100,2012/12/17 21:55:56 +0100,Srimanth Gunturi,2013/01/10 22:57:42 +0100,24.04289352,24.04289352,Create heatmap legend entries for missing data/invalid hosts   ,Currently we dont fill anything which is ambiguous.   ,1.2.0,1.2.0,0,2,8,1,1,1,1,0,0,0,0,0,0,0,
135,1123,Bug,Resolved,Fixed,ambari-web   ,Major,Srimanth Gunturi,2012/12/28 08:34:01 +0100,2012/12/28 08:34:01 +0100,Srimanth Gunturi,2013/01/11 03:29:15 +0100,13.78835648,13.78835648,Ambari heatmaps and host information shows infinity for disk space used   ,When cluster is started after install  it has disk_total of null which results in Infinity.   ,1.2.0,1.2.0,0,2,16,1,1,1,1,0,0,0,0,0,0,0,
144,1164,Bug,Resolved,Fixed,   ,Critical,Mahadev konar,2013/01/14 20:42:22 +0100,2013/02/01 00:10:30 +0100,John Speidel,2013/02/01 00:10:46 +0100,17.14472222,0.000185,Disk Info Metrics and memory usage sometimes do not show up for an hour or so.   ,Disk Info Metrics and memory usage sometimes do not show up for an hour or so.   ,1.2.0,1.2.2,0,2,16,1,1,1,0,0,0,0,0,0,0,0,
145,1181,Improvement,Resolved,Fixed,ambari-web   ,Major,Yusaku Sako,2013/01/15 02:34:13 +0100,2013/01/15 02:34:13 +0100,Yusaku Sako,2013/01/15 21:45:03 +0100,0.799189815,0.799189815,Clean up table header UI for sorting and filter clear 'x' for Hosts table   ,   ,1.2.0,1.2.3,0,1,1,1,1,1,0,0,0,0,0,0,0,0,
146,1182,Improvement,Resolved,Fixed,ambari-web   ,Major,Yusaku Sako,2013/01/15 02:39:41 +0100,2013/01/15 02:39:41 +0100,Yusaku Sako,2013/01/15 21:46:45 +0100,0.796574074,0.796574074,Clean up table header UI for sorting and filter clear 'x' for Jobs table   ,   ,1.2.0,1.2.1,0,1,1,1,1,1,0,0,0,0,0,0,0,0,
148,1190,Bug,Resolved,Fixed,ambari-web   ,Major,Yusaku Sako,2013/01/15 03:19:14 +0100,2013/01/15 03:19:14 +0100,Yusaku Sako,2013/01/15 22:32:28 +0100,0.800856481,0.800856481,Detailed log view dialogs are not center-aligned   ,   ,1.2.0,1.2.1,0,1,1,1,1,1,0,0,0,0,0,0,0,0,
153,1216,Improvement,Resolved,Fixed,ambari-web   ,Major,Yusaku Sako,2013/01/19 02:07:41 +0100,2013/01/19 02:07:41 +0100,Yusaku Sako,2013/01/19 02:11:23 +0100,0.002569444,0.002569444,Add filters module   ,   ,1.2.0,1.2.1,0,1,1,1,1,1,0,0,0,0,0,0,0,0,
154,1218,Improvement,Resolved,Fixed,ambari-web   ,Major,Yusaku Sako,2013/01/19 02:19:14 +0100,2013/01/19 02:19:14 +0100,Yusaku Sako,2013/01/19 02:20:24 +0100,0.00081,0.00081,Refactor Job Browser User filter   ,   ,1.2.0,1.2.1,0,1,1,1,1,1,0,0,0,0,0,0,0,0,
155,1223,Improvement,Resolved,Fixed,ambari-web   ,Major,Yusaku Sako,2013/01/19 02:31:22 +0100,2013/01/19 02:31:22 +0100,Yusaku Sako,2013/01/19 02:33:22 +0100,0.001388889,0.001388889,Confirm Hosts page: It looks like hosts disappear if you are on 'Fail' filter and click on 'Retry Failed' button   ,   ,1.2.0,1.2.1,0,1,1,1,1,1,0,0,0,0,0,0,0,0,
156,1224,Improvement,Resolved,Fixed,ambari-web   ,Major,Yusaku Sako,2013/01/19 02:34:01 +0100,2013/01/19 02:34:01 +0100,Yusaku Sako,2013/01/19 02:36:26 +0100,0.001678241,0.001678241,Drop the 'all' option from Hosts > Component Filter and Jobs > Users Filter   ,   ,1.2.0,1.2.1,0,1,1,1,1,1,0,0,0,0,0,0,0,0,
159,1233,Bug,Resolved,Fixed,   ,Major,Mahadev konar,2013/01/21 19:57:10 +0100,2013/01/23 22:03:46 +0100,Mahadev konar,2013/02/04 05:43:10 +0100,13.40694444,11.31902778,Directory permissions on httpd /var/www/cgi-bin should not be touched by Ambari.   ,Directory permissions on httpd /var/www/cgi-bin should not be touched by Ambari.   ,1.2.0,1.2.1; 1.2.3,0,1,11,1,2,1,0,0,0,1,0,0,0,0,
160,1235,Improvement,Resolved,Fixed,ambari-web   ,Major,Yusaku Sako,2013/01/21 20:07:00 +0100,2013/01/21 20:07:00 +0100,Yusaku Sako,2013/01/22 22:16:43 +0100,1.090081019,1.090081019,Host health indicator should have a tooltip showing details   ,   ,1.2.0,1.2.1,0,2,1,1,4,2,0,0,0,0,0,0,0,0,
166,1265,Improvement,Resolved,Fixed,ambari-web   ,Major,Yusaku Sako,2013/01/26 02:11:48 +0100,2013/01/26 02:11:48 +0100,Yusaku Sako,2013/01/26 06:28:33 +0100,0.17829861100000002,0.17829861100000002,Job Browser - Filter by Input  output and duration   ,&lt;expression&gt; ::= [&lt;operator&gt;] [&lt;whitespace&gt;]* &lt;value&gt; [&lt;duration-unit&gt; | &lt;io-unit&gt;]&lt;operator&gt; ::= '&gt;' | '&lt;' | '='&lt;whitespace&gt; ::= ' '&lt;value&gt; :== int | float&lt;duration-unit&gt; ::= 's' | 'm' | 'h'&lt;io-unit&gt; ::= 'k' | 'kb' | 'm' | 'mb' | 'g' | 'gb'If &lt;operator&gt; is ommitted  '=' is assumed.If &lt;duration-unit&gt; is omitted  's' is assumed.If &lt;io-unit&gt; is omitted  'k' is assumed.&lt;duration-unit&gt; and &lt;io-unit&gt; are case-insensitive.   ,1.2.0,1.2.1,0,2,67,1,2,2,0,0,0,0,0,0,0,0,
168,1267,Bug,Resolved,Fixed,   ,Major,Mahadev konar,2013/01/26 05:17:08 +0100,2013/01/26 05:17:08 +0100,Mahadev konar,2013/01/26 05:52:17 +0100,0.024409722000000002,0.024409722000000002,Store example Hive Queries somewhere in Ambari that's easily accessible for demo/test purposes   ,Store example Hive Queries somewhere in Ambari that's easily accessible for demo/test purposes   ,1.2.0,1.2.1,0,2,13,1,3,2,0,0,0,0,0,0,0,0,
169,1271,Improvement,Resolved,Fixed,ambari-web   ,Major,Yusaku Sako,2013/01/28 09:21:40 +0100,2013/01/28 09:21:40 +0100,Yusaku Sako,2013/01/29 01:45:07 +0100,0.6829513890000001,0.6829513890000001,On Confirm Hosts page  add a link to show the Host Checks popup in the success message   ,   ,1.2.0,1.2.1,0,2,1,1,2,1,0,0,0,0,0,0,0,0,
171,1274,Improvement,Resolved,Fixed,ambari-web   ,Major,Srimanth Gunturi,2013/01/28 20:51:32 +0100,2013/01/28 20:51:32 +0100,Srimanth Gunturi,2013/01/29 01:13:51 +0100,0.182164352,0.182164352,Shrink top nav height   ,Navbar's height should be shrunk to ~40px.   ,1.2.0,1.2.2,0,2,7,1,2,2,0,0,0,0,0,0,0,0,
178,1308,Improvement,Resolved,Fixed,ambari-web   ,Major,ARUN KUMAR KANDREGULA,2013/01/30 23:27:48 +0100,2013/01/30 23:27:48 +0100,ARUN KUMAR KANDREGULA,2013/01/31 01:53:32 +0100,0.101203704,0.101203704,Properly display Apps page aggregate summary and data table when there are no data to be shown   ,   ,1.2.0,1.2.1,0,2,1,1,3,2,0,0,0,0,0,0,0,0,
179,1309,Improvement,Resolved,Fixed,ambari-web   ,Major,ARUN KUMAR KANDREGULA,2013/01/30 23:33:26 +0100,2013/01/30 23:33:26 +0100,ARUN KUMAR KANDREGULA,2013/01/31 01:55:39 +0100,0.098761574,0.098761574,Remove all text from Apps views  controllers  templates to messages.js   ,   ,1.2.0,1.2.2,0,2,1,1,4,2,0,0,0,0,0,0,0,0,
180,1311,Improvement,Resolved,Fixed,ambari-web   ,Major,ARUN KUMAR KANDREGULA,2013/01/30 23:46:56 +0100,2013/01/30 23:46:56 +0100,ARUN KUMAR KANDREGULA,2013/01/31 01:31:50 +0100,0.072847222,0.072847222,Host health indicator should have a tooltip showing few details (refactoring)   ,   ,1.2.0,1.2.1,0,2,1,1,2,2,0,0,0,0,0,0,0,0,
185,1337,Improvement,Resolved,Fixed,ambari-web   ,Minor,Yusaku Sako,2013/02/02 00:34:38 +0100,2013/02/02 00:34:38 +0100,Yusaku Sako,2013/02/02 03:28:36 +0100,0.120810185,0.120810185,Refactor Job Browser filter   ,   ,1.2.0,1.2.3,0,2,1,1,2,2,0,0,0,0,0,0,0,0,
188,1348,Improvement,Resolved,Fixed,ambari-web   ,Minor,Yusaku Sako,2013/02/06 01:25:22 +0100,2013/02/06 01:25:22 +0100,Yusaku Sako,2013/02/06 01:55:57 +0100,0.021238426,0.021238426,Externalize strings to messages.js   ,Externalize string resources to messages.js.   ,1.2.1,1.2.2,0,2,5,1,2,2,1,0,0,0,0,0,0,0,
190,1354,Bug,Resolved,Fixed,ambari-web   ,Major,Jaimin D Jetly,2013/02/06 20:43:10 +0100,2013/02/06 20:43:10 +0100,Jaimin D Jetly,2013/02/06 23:46:19 +0100,0.1271875,0.1271875,'No alerts' badge on the Host Detail page should be green  not red   ,   ,1.2.1,1.2.2,0,2,1,1,2,2,0,0,0,0,0,0,0,0,
192,1360,Bug,Resolved,Fixed,ambari-web   ,Major,Jaimin D Jetly,2013/02/07 19:58:06 +0100,2013/02/07 19:58:06 +0100,Jaimin D Jetly,2013/02/07 22:05:29 +0100,0.088460648,0.088460648,Mouse cursor hover behavior is strange on Job Browser   ,When hovering the mouse cursor around Show All  Filtered  the mouse cursor changes to the 'hand' icon as expected. To the right  the cursor turns into a hand even when hovering over areas where there's no link. Hovering over 'Clear filters'  the cursor does not turn into the 'hand'.   ,1.2.1,1.2.2,0,2,49,1,2,2,0,0,0,0,0,0,0,0,
196,1441,Bug,Resolved,Fixed,ambari-web   ,Major,Yusaku Sako,2013/02/18 06:09:01 +0100,2013/02/18 06:11:13 +0100,Yusaku Sako,2013/02/20 22:55:03 +0100,2.698634259,2.697106481,Validation for username used in service configs is broken   ,   ,1.2.2,1.2.2,0,2,1,1,2,2,0,0,0,1,0,0,0,0,
197,1449,Bug,Resolved,Fixed,ambari-web   ,Major,Jaimin D Jetly,2013/02/20 01:53:48 +0100,2013/02/20 01:53:48 +0100,Jaimin D Jetly,2013/02/20 03:05:16 +0100,0.04962963,0.04962963,Failure popup shown for reconfiguring HDFS when MapReduce is not installed   ,   ,1.2.1,1.2.2,0,2,1,1,2,2,0,0,0,0,0,0,1,3,CHANGES.txt;ambari-web/app/controllers/main/service/info/configs.js;ambari-web/app/messages.js;
198,1450,Improvement,Resolved,Fixed,ambari-web   ,Major,Yusaku Sako,2013/02/20 04:03:24 +0100,2013/02/20 04:03:24 +0100,Yusaku Sako,2013/02/20 23:26:21 +0100,0.807604167,0.807604167,Remove hard-coded stack version   ,   ,1.2.2,1.2.3,0,2,1,1,2,2,0,0,0,0,0,0,0,0,
199,1456,Bug,Resolved,Fixed,ambari-web   ,Critical,Yusaku Sako,2013/02/20 05:51:58 +0100,2013/02/20 05:51:58 +0100,Yusaku Sako,2013/02/20 22:49:13 +0100,0.706423611,0.706423611,Cannot proceed after bootstrapping in some cases due to a run-time error while running host checks   ,   ,1.2.2,1.2.2,0,2,1,1,2,2,0,0,0,0,0,0,0,0,
204,1473,Bug,Resolved,Fixed,ambari-web   ,Major,Yusaku Sako,2013/02/22 04:40:20 +0100,2013/02/22 04:40:20 +0100,Yusaku Sako,2013/02/22 09:14:14 +0100,0.190208333,0.190208333,Further optimization of querying host information from the server   ,Further work on optimizing query for getting host information on top of BUG-1460.   ,1.2.2,1.2.2,0,2,13,1,2,2,0,0,0,0,0,0,0,0,
212,1505,Improvement,Resolved,Fixed,ambari-web   ,Major,Xi Wang,2013/02/26 22:43:13 +0100,2013/02/26 22:43:13 +0100,Xi Wang,2013/02/27 00:23:58 +0100,0.06996527799999999,0.06996527799999999,Hosts page: add filtering by host status   ,Show the host status filter at the top of the Hosts table  showing the status and the number of hosts in that status.   ,1.2.3,1.2.3,0,2,23,1,2,1,0,0,0,0,0,0,0,0,
214,1520,Bug,Resolved,Fixed,ambari-web   ,Major,Srimanth Gunturi,2013/02/28 00:01:24 +0100,2013/02/28 00:01:24 +0100,Srimanth Gunturi,2013/02/28 21:53:05 +0100,0.910891204,0.910891204,Alerts take around 20-30 seconds to show up everytime you refresh the dashboard.   ,Alerts take around 20-30 seconds to show up everytime you refresh the dashboard.   ,1.2.2,1.2.2,0,2,13,1,2,1,0,0,0,0,1,0,0,0,
215,1536,Improvement,Resolved,Fixed,ambari-web   ,Major,Xi Wang,2013/03/01 19:53:06 +0100,2013/03/01 19:53:06 +0100,Xi Wang,2013/03/01 23:32:42 +0100,0.1525,0.1525,Hosts page layout fixes   ,1.Use Bootstrap-style tooltip for the hover tooltip on the host status dots as well as the disk usage bars. The current tooltip does not show up unless you rest your mouse cursor for more than a second - users will simply assume there's no tooltip hover when quickly moving the mouse cursor over them.2.We can kill some space between the status dots and the hostnames in the table as well.3.Also  there is too much margin at the top compared to the rest of the pages.   ,1.2.3,1.2.3,0,2,85,1,2,1,0,0,0,0,0,0,1,2,CHANGES.txt;ambari-web/app/styles/application.less;
217,1559,Bug,Resolved,Fixed,ambari-server   ,Major,Steve Ratay,2013/03/06 17:04:08 +0100,2013/03/07 21:08:22 +0100,Tom Beerbower,2013/03/20 22:53:58 +0100,14.24293981,13.07333333,Jobs failed count always returns 0 in the jobtracker API metrics   ,See the attachments  but after running both successful and failed MapReduce jobs  the jobs submitted count includes all jobs  the jobs successful appears correct  but the jobs failed count is still 0.   ,1.2.2,1.2.2,0,4,32,1,4,3,0,0,0,0,0,0,0,0,
225,1645,Bug,Resolved,Fixed,ambari-web   ,Major,Yusaku Sako,2013/03/15 03:59:08 +0100,2013/03/15 03:59:08 +0100,Yusaku Sako,2013/03/23 05:30:08 +0100,8.063194444,8.063194444,Undo should not be allowed on component hosts   ,   ,1.2.3,1.2.3,0,1,1,1,1,1,0,0,0,0,0,0,0,0,
233,1757,Bug,Resolved,Fixed,   ,Major,Sumit Mohanty,2013/04/01 00:49:06 +0100,2013/04/01 00:49:06 +0100,Sumit Mohanty,2013/04/01 18:51:04 +0100,0.751365741,0.751365741,Add support for Stack 1.2.2 to Ambari   ,Add support for Stack 1.2.2 to Ambari.   ,1.2.2,1.2.2,0,3,7,1,2,2,1,0,0,0,0,0,0,0,
239,1816,Bug,Resolved,Fixed,ambari-web   ,Major,Jaimin D Jetly,2013/04/05 18:33:02 +0100,2013/04/05 18:33:02 +0100,Jaimin D Jetly,2013/04/05 18:56:27 +0100,0.016261573999999997,0.016261573999999997,Security wizard: Add missing secure configs to Hbase service and make 'zookeeper' as default primary name for zookeeper principal.   ,   ,1.2.3,1.2.3,0,2,1,1,2,2,1,0,0,1,0,0,0,0,
241,1837,Bug,Resolved,Fixed,ambari-web   ,Major,Jaimin D Jetly,2013/04/08 18:49:42 +0100,2013/04/08 18:49:42 +0100,Jaimin D Jetly,2013/04/08 21:33:15 +0100,0.113576389,0.113576389,Few core-site properties vanished after seemingly benign reconfiguration.   ,UI metadata properties are not being reconfigured and retained on saving services.   ,1.2.3,1.2.3,0,2,12,1,2,2,1,0,0,0,0,0,0,0,
245,1849,Bug,Resolved,Fixed,ambari-web   ,Minor,Yusaku Sako,2013/04/09 20:00:45 +0100,2013/04/09 20:00:45 +0100,Yusaku Sako,2013/04/09 22:02:39 +0100,0.08465277800000001,0.08465277800000001,Cosmetic problems on HBase Dashboard   ,   ,1.2.3,1.2.3,0,2,1,1,2,1,0,0,0,0,0,0,0,0,
247,1859,Bug,Resolved,Fixed,   ,Major,Sumit Mohanty,2013/04/09 21:09:38 +0100,2013/04/09 21:09:38 +0100,Sumit Mohanty,2013/04/09 21:15:31 +0100,0.004085648,0.004085648,Cannot load Nagios Alerts due to 400 Bad Request   ,Given the API call: http://dev.hortonworks.com:8080/api/v1/clusters/test403_2/host_components?HostRoles/component_name=NAGIOS_SERVER&amp;fields=HostRoles/nagios_alertsThe feedback is:{ 'status' : 400  'message' : 'The properties [HostRoles/nagios_alerts] specified in the request or predicate are not supported for the resource type HostComponent.' }   ,1.2.3,1.2.3,0,2,33,1,1,1,1,0,0,1,0,0,0,0,
250,1872,Bug,Resolved,Fixed,ambari-web   ,Major,Jaimin D Jetly,2013/04/11 02:29:20 +0100,2013/04/11 02:29:20 +0100,Jaimin D Jetly,2013/04/11 02:34:03 +0100,0.0032754629999999997,0.0032754629999999997,Ambari FE is not setting proper value for fs.checkpoint.edits.dir   ,   ,1.2.3,1.2.3,0,2,1,1,2,2,1,0,0,0,0,0,0,0,
251,1873,Bug,Resolved,Fixed,ambari-web   ,Major,Yusaku Sako,2013/04/11 05:01:47 +0100,2013/04/11 05:01:47 +0100,Yusaku Sako,2013/04/11 19:18:18 +0100,0.594803241,0.594803241,HUE pid and log dir labels are flip flopped   ,   ,1.2.3,1.2.3,0,2,1,1,2,2,0,0,0,0,0,0,0,0,
265,1933,Bug,Resolved,Fixed,   ,Major,Sumit Mohanty,2013/04/15 17:51:25 +0100,2013/04/15 17:51:25 +0100,Sumit Mohanty,2013/04/15 18:18:45 +0100,0.018981481,0.018981481,Test failure : testCascadeDeleteStages   ,mvn clean install produces the following failure ...testCascadeDeleteStages(org.apache.ambari.server.actionmanager.TestActionManager):Exception [EclipseLink-4002] (Eclipse Persistence Services -2.4.0.v20120608-r11652):org.eclipse.persistence.exceptions.DatabaseException(..)   ,1.2.3,1.2.3,0,2,20,1,1,1,0,0,0,0,0,0,0,0,
266,1934,Bug,Resolved,Fixed,   ,Major,Sumit Mohanty,2013/04/15 17:55:34 +0100,2013/04/15 17:55:34 +0100,Sumit Mohanty,2013/04/15 18:20:34 +0100,0.017361111000000002,0.017361111000000002,Security vulnerability with Ganglia and Nagios   ,Ganglia Issue : Unspecified vulnerability in Ganglia Web before 3.5.1 allows remote attackers to execute arbitrary PHP code via unknown attack vectors. http://ganglia.info/?p=549 Ganglia Web 3.5.1 Release ?ESecurity Advisory There is a security issue in Ganglia Web going back to at least 3.1.7 which can lead to arbitrary script being executed with web user privileges possibly leading to a machine compromise. Issue has been fixed in the latest version of Ganglia Web which can be downloaded from https://sourceforge.net/projects/ganglia/files/ganglia-web/3.5.1/ Solution: Need to get upgraded rpms with the Ganglia Web version 3.5.7 which has the fix for this vulnerability.Nagios: Multiple stack-based buffer overflows in the get_history function in history.cgi in Nagios Core before 3.4.4  and Icinga 1.6.x before 1.6.2  1.7.x before 1.7.4  and 1.8.x before 1.8.4  might allow remote attackers to execute arbitrary code via a long (1) host_name variable (host parameter) or (2) svc_description variable. http://www.nagios.org/projects/nagioscore/history/core-3x http://lists.grok.org.uk/pipermail/full-disclosure/2012-December/089125.html Vulnerable software and versions - nagios:nagios:3.4.3 and previous versions   ,1.2.3,1.2.3,0,2,169,1,1,1,1,0,0,1,0,0,0,0,
269,1948,Bug,Resolved,Fixed,ambari-agent   ,Major,Siddharth Wagle,2013/04/16 22:40:09 +0100,2013/04/16 22:40:09 +0100,Siddharth Wagle,2013/04/16 23:35:26 +0100,0.038391204,0.038391204,System logs are not present on tasktracker   ,Run a mapreduce job.Find the attempt id and look for system logs on tasktracker.http://ec2-54-224-138-78.compute-1.amazonaws.com:50060/tasklog?attemptid=attempt_201304121816_0003_m_000000_0Actual result:The syslogs are not present here.Only stdout and stderr logs are present.   ,1.2.3,1.2.3,0,2,29,1,1,1,1,0,0,0,0,0,0,0,
274,1978,Bug,Resolved,Fixed,ambari-agent   ,Major,Siddharth Wagle,2013/04/18 18:14:47 +0100,2013/04/18 18:14:47 +0100,Siddharth Wagle,2013/04/20 00:08:04 +0100,1.245335648,1.245335648,Deploying HDP-1.3.0 results in several alerts - is it related to hard-coded port   ,TaskTracker  RegionServer  HBase master process down because check_tcp failure.Looks like the hadoop-services.cfg.erb has:check_command check_tcp!&lt;%=scope.function_hdp_template_var('jtnode_port')%&gt;!-w 1 -c 1and looks like the ports are not getting replaced and end up being empty.   ,1.2.3,1.2.3,0,3,30,1,3,3,0,0,0,0,0,0,0,0,
276,1988,Bug,Resolved,Fixed,ambari-web   ,Major,Yusaku Sako,2013/04/18 23:41:53 +0100,2013/04/18 23:41:53 +0100,Yusaku Sako,2013/04/19 00:41:10 +0100,0.041168981,0.041168981,Hostname pattern expression is broken   ,dev[01-03].domain.com expanded to:dev1.domain.comdev2.domain.comdev3.domain.comShould be:dev01.domain.comdev02.domain.comdev03.domain.com   ,1.2.3,1.2.3,0,2,4,1,2,2,0,0,0,0,0,0,0,0,
278,1998,Bug,Resolved,Fixed,ambari-web   ,Major,Yusaku Sako,2013/04/23 22:41:35 +0100,2013/04/23 22:41:35 +0100,Yusaku Sako,2013/04/24 00:11:31 +0100,0.062453704000000006,0.062453704000000006,Action buttons on host details page not formatted properly on Firefox   ,   ,1.2.3,1.2.3,0,2,1,1,2,2,0,0,0,0,0,0,0,0,
280,2001,Bug,Resolved,Fixed,ambari-web   ,Major,Yusaku Sako,2013/04/23 22:42:40 +0100,2013/04/23 22:42:40 +0100,Yusaku Sako,2013/04/24 00:14:40 +0100,0.063888889,0.063888889,Filtering on Jobs table does not work under certain situations   ,   ,1.2.3,1.2.3,0,2,1,1,2,2,1,0,0,0,0,0,0,0,
296,2061,Improvement,Resolved,Fixed,ambari-web   ,Minor,Yusaku Sako,2013/05/01 02:48:52 +0100,2013/05/01 02:48:52 +0100,Yusaku Sako,2013/05/01 22:26:48 +0100,0.8180092590000001,0.8180092590000001,HBase Heatmaps: clean up labels and units   ,   ,1.2.3,1.2.3,0,2,1,1,2,2,0,0,0,0,0,0,0,0,
298,2068,Bug,Resolved,Fixed,ambari-web   ,Minor,Yusaku Sako,2013/05/02 00:03:10 +0100,2013/05/02 00:03:10 +0100,Yusaku Sako,2013/05/03 00:20:37 +0100,1.012118056,1.012118056,'Preparing to install ' message needs spacing   ,   ,1.2.3,1.2.3,0,2,1,1,2,2,0,0,0,0,0,0,0,0,
300,2075,Bug,Resolved,Fixed,ambari-web   ,Major,Yusaku Sako,2013/05/04 00:07:41 +0100,2013/05/04 00:07:41 +0100,Yusaku Sako,2013/05/06 18:55:22 +0100,2.7831134260000003,2.7831134260000003,Admin role can't be assigned to LDAP user   ,   ,1.2.3,1.2.3,0,2,1,1,2,2,0,0,0,0,0,0,0,0,
303,2089,Bug,Resolved,Fixed,   ,Critical,Xi Wang,2013/05/07 19:08:10 +0100,2013/05/07 19:08:10 +0100,Xi Wang,2013/05/10 00:02:43 +0100,2.204548611,2.204548611,Post Ambari upgrade  Hive and Oozie fail to start after reconfigure   ,   ,1.2.3,1.2.3,0,2,1,1,2,1,0,0,0,0,0,0,0,0,
305,2101,Bug,Resolved,Fixed,ambari-agent   ,Major,Siddharth Wagle,2013/05/10 19:18:12 +0100,2013/05/10 19:18:12 +0100,Siddharth Wagle,2013/05/10 19:35:54 +0100,0.012291667,0.012291667,Hive service check (still) failing with file permissions   ,Stack upgrade testing is still showing this to be an issue.warning: Unrecognised escape sequence '/;' in file /var/lib/ambari-agent/puppet/modules/hdp-hive/manifests/hive/service_check.pp at line 32warning: Dynamic lookup of $configuration is deprecated. Support will be removed in Puppet 2.8. Use a fully-qualified variable name (e.g.  $classname::variable) or parameterized classes.notice: /Stage[1]/Hdp::Snappy::Package/Hdp::Snappy::Package::Ln[32]/Hdp::Exec[hdp::snappy::package::ln 32]/Exec[hdp::snappy::package::ln 32]/returns: executed successfullynotice: /Stage[2]/Hdp-hcat::Hcat::Service_check/Exec[hcatSmoke.sh prepare]/returns: ls: cannot access /usr/share/java/*oracle*: No such file or directorynotice: /Stage[2]/Hdp-hcat::Hcat::Service_check/Exec[hcatSmoke.sh prepare]/returns: 13/05/09 15:01:52 WARN conf.HiveConf: DEPRECATED: Configuration property hive.metastore.local no longer has any effect. Make sure to provide a valid value for hive.metastore.uris if you are connecting to a remote metastore.notice: /Stage[2]/Hdp-hcat::Hcat::Service_check/Exec[hcatSmoke.sh prepare]/returns: log4j:ERROR setFile(null true) call failed.notice: /Stage[2]/Hdp-hcat::Hcat::Service_check/Exec[hcatSmoke.sh prepare]/returns: java.io.FileNotFoundException: /tmp/ambari_qa/hive.log (Permission denied)notice: /Stage[2]/Hdp-hcat::Hcat::Service_check/Exec[hcatSmoke.sh prepare]/returns: at java.io.FileOutputStream.openAppend(Native Method)notice: /Stage[2]/Hdp-hcat::Hcat::Service_check/Exec[hcatSmoke.sh prepare]/returns: at java.io.FileOutputStream.&lt;init&gt;(FileOutputStream.java:192)notice: /Stage[2]/Hdp-hcat::Hcat::Service_check/Exec[hcatSmoke.sh prepare]/returns: at java.io.FileOutputStream.&lt;init&gt;(FileOutputStream.java:116)notice: /Stage[2]/Hdp-hcat::Hcat::Service_check/Exec[hcatSmoke.sh prepare]/returns: at org.apache.log4j.FileAppender.setFile(FileAppender.java:290)notice: /Stage[2]/Hdp-hcat::Hcat::Service_check/Exec[hcatSmoke.sh prepare]/returns: at org.apache.log4j.FileAppender.activateOptions(FileAppender.java:164)notice: /Stage[2]/Hdp-hcat::Hcat::Service_check/Exec[hcatSmoke.sh prepare]/returns: at org.apache.log4j.DailyRollingFileAppender.activateOptions(DailyRollingFileAppender.java:216)notice: /Stage[2]/Hdp-hcat::Hcat::Service_check/Exec[hcatSmoke.sh prepare]/returns: at org.apache.log4j.config.PropertySetter.activate(PropertySetter.java:257)notice: /Stage[2]/Hdp-hcat::Hcat::Service_check/Exec[hcatSmoke.sh prepare]/returns: at org.apache.log4j.config.PropertySetter.setProperties(PropertySetter.java:133)notice: /Stage[2]/Hdp-hcat::Hcat::Service_check/Exec[hcatSmoke.sh prepare]/returns: at org.apache.log4j.config.PropertySetter.setProperties(PropertySetter.java:97)notice: /Stage[2]/Hdp-hcat::Hcat::Service_check/Exec[hcatSmoke.sh prepare]/returns: at org.apache.log4j.PropertyConfigurator.parseAppender(PropertyConfigurator.java:689)notice: /Stage[2]/Hdp-hcat::Hcat::Service_check/Exec[hcatSmoke.sh prepare]/returns: at org.apache.log4j.PropertyConfigurator.parseCategory(PropertyConfigurator.java:647)notice: /Stage[2]/Hdp-hcat::Hcat::Service_check/Exec[hcatSmoke.sh prepare]/returns: at org.apache.log4j.PropertyConfigurator.configureRootCategory(PropertyConfigurator.java:544)notice: /Stage[2]/Hdp-hcat::Hcat::Service_check/Exec[hcatSmoke.sh prepare]/returns: at org.apache.log4j.PropertyConfigurator.doConfigure(PropertyConfigurator.java:440)notice: /Stage[2]/Hdp-hcat::Hcat::Service_check/Exec[hcatSmoke.sh prepare]/returns: at org.apache.log4j.PropertyConfigurator.doConfigure(PropertyConfigurator.java:476)notice: /Stage[2]/Hdp-hcat::Hcat::Service_check/Exec[hcatSmoke.sh prepare]/returns: at org.apache.log4j.PropertyConfigurator.configure(PropertyConfigurator.java:354)notice: /Stage[2]/Hdp-hcat::Hcat::Service_check/Exec[hcatSmoke.sh prepare]/returns: at org.apache.hadoop.hive.common.LogUtils.initHiveLog4jDefault(LogUtils.java:124)notice: /Stage[2]/Hdp-hcat::Hcat::Service_check/Exec[hcatSmoke.sh prepare]/returns: at org.apache.hadoop.hive.common.LogUtils.initHiveLog4jCommon(LogUtils.java:77)notice: /Stage[2]/Hdp-hcat::Hcat::Service_check/Exec[hcatSmoke.sh prepare]/returns: at org.apache.hadoop.hive.common.LogUtils.initHiveLog4j(LogUtils.java:58)notice: /Stage[2]/Hdp-hcat::Hcat::Service_check/Exec[hcatSmoke.sh prepare]/returns: at org.apache.hcatalog.cli.HCatCli.main(HCatCli.java:61)notice: /Stage[2]/Hdp-hcat::Hcat::Service_check/Exec[hcatSmoke.sh prepare]/returns: at sun.reflect.NativeMethodAccessorImpl.invoke0(Native Method)notice: /Stage[2]/Hdp-hcat::Hcat::Service_check/Exec[hcatSmoke.sh prepare]/returns: at sun.reflect.NativeMethodAccessorImpl.invoke(NativeMethodAccessorImpl.java:39)notice: /Stage[2]/Hdp-hcat::Hcat::Service_check/Exec[hcatSmoke.sh prepare]/returns: at sun.reflect.DelegatingMethodAccessorImpl.invoke(DelegatingMethodAccessorImpl.java:25)notice: /Stage[2]/Hdp-hcat::Hcat::Service_check/Exec[hcatSmoke.sh prepare]/returns: at java.lang.reflect.Method.invoke(Method.java:597)notice: /Stage[2]/Hdp-hcat::Hcat::Service_check/Exec[hcatSmoke.sh prepare]/returns: at org.apache.hadoop.util.RunJar.main(RunJar.java:160)notice: /Stage[2]/Hdp-hcat::Hcat::Service_check/Exec[hcatSmoke.sh prepare]/returns: log4j:ERROR Either File or DatePattern options are not set for appender [DRFA].notice: /Stage[2]/Hdp-hcat::Hcat::Service_check/Exec[hcatSmoke.sh prepare]/returns: Exception in thread 'main' java.lang.RuntimeException: java.io.IOException: Permission deniednotice: /Stage[2]/Hdp-hcat::Hcat::Service_check/Exec[hcatSmoke.sh prepare]/returns: at org.apache.hadoop.hive.ql.session.SessionState.start(SessionState.java:272)notice: /Stage[2]/Hdp-hcat::Hcat::Service_check/Exec[hcatSmoke.sh prepare]/returns: at org.apache.hcatalog.cli.HCatCli.main(HCatCli.java:79)notice: /Stage[2]/Hdp-hcat::Hcat::Service_check/Exec[hcatSmoke.sh prepare]/returns: at sun.reflect.NativeMethodAccessorImpl.invoke0(Native Method)   ,1.2.3,1.2.3,0,2,245,1,1,1,0,0,0,1,0,0,0,0,
317,2152,Bug,Resolved,Fixed,ambari-web   ,Major,Yusaku Sako,2013/05/17 00:41:25 +0100,2013/05/17 00:41:25 +0100,Yusaku Sako,2013/05/17 01:29:01 +0100,0.033055556,0.033055556,Sometimes stale host / host component indicators are shown   ,   ,1.2.3,1.2.4,0,2,1,1,2,2,0,0,0,0,0,0,0,0,
319,2161,Bug,Resolved,Fixed,ambari-agent   ,Major,Jaimin D Jetly,2013/05/17 21:55:35 +0100,2013/05/17 21:55:35 +0100,Jaimin D Jetly,2013/05/18 01:16:38 +0100,0.139618056,0.139618056,Datanode Start fails in secure cluster.   ,   ,1.2.3,1.2.5,0,2,1,1,2,2,0,0,0,1,0,0,0,0,
324,2187,Bug,Resolved,Fixed,ambari-web   ,Major,Srimanth Gunturi,2013/05/22 22:58:29 +0100,2013/05/22 22:58:29 +0100,Srimanth Gunturi,2013/05/22 23:36:30 +0100,0.026400463,0.026400463,Hadoop2 Monitoring: Jobs page should be hidden when HDP 2.0.x stack is installed   ,When a HDP 2.0.x stack is installed  the Jobs page should be hidden.   ,1.2.4,1.4.0,0,2,13,1,2,2,0,0,0,0,0,0,0,0,
329,2203,Bug,Resolved,Fixed,ambari-web   ,Major,Yusaku Sako,2013/05/28 23:04:49 +0100,2013/05/28 23:04:49 +0100,Yusaku Sako,2013/05/29 02:56:32 +0100,0.16091435199999998,0.16091435199999998,Background operations popup does not automatically refresh the task log   ,   ,1.2.3,1.2.4,0,2,1,1,2,2,0,0,0,0,0,0,0,0,
330,2207,Improvement,Resolved,Fixed,ambari-web   ,Major,Yusaku Sako,2013/05/28 23:22:27 +0100,2013/05/28 23:22:27 +0100,Yusaku Sako,2013/05/29 03:01:21 +0100,0.152013889,0.152013889,Add unit tests for Utils   ,   ,1.2.5,1.2.5,0,2,1,1,2,2,0,0,0,0,0,0,0,0,
333,2217,Bug,Resolved,Fixed,   ,Major,Sumit Mohanty,2013/05/29 15:38:54 +0100,2013/05/29 15:38:54 +0100,Sumit Mohanty,2013/05/29 17:40:58 +0100,0.084768519,0.084768519,Increase ambari-agent test coverage   ,ActionQueue.py missing 'Unrecognized command' testcase (L. 173) /src/test/python/TestActionQueue.py:42 unused test_RetryAction stub (retry is implemented in another way) /src/main/python/ambari_agent/ActionQueue.py:221 not covered case if commandresult&#91;&#39;exitcode&#39;&#93; != 0: /src/main/python/ambari_agent/ActionQueue.py:247 not covered case if command.has_key('roleCommand') and command&#91;&#39;roleCommand&#39;&#93; == 'START':PuppetExecutor.py configureEnviron/generate_repo_manifests/run_manifest/runCommand are not covered.PythonExecutor.py isSuccessfull is not testedRepoInstaller.py prepareReposInfo/generateFiles are not coveredshell.py is not covered   ,1.2.4,1.2.4,0,2,62,1,1,1,0,0,0,0,0,0,0,0,
338,2259,Bug,Resolved,Fixed,   ,Major,Oleg Nechiporenko,2013/06/03 17:09:13 +0100,2013/06/03 18:13:27 +0100,Oleg Nechiporenko,2013/06/07 19:21:00 +0100,4.0915162039999995,4.046909722,Start/Stop button may stay enabled for 30-40 seconds after it has been clicked   ,Start/Stop button stays enabled for atleast 30-40 seconds after its been clicked already.   ,1.2.4,1.2.5; 1.4.0,0,3,13,1,7,3,1,0,0,0,0,0,0,0,
339,2260,Bug,Resolved,Fixed,   ,Major,Tom Beerbower,2013/06/03 17:26:31 +0100,2013/06/03 17:26:31 +0100,Tom Beerbower,2013/06/03 18:53:42 +0100,0.060543981,0.060543981,Bad hosts query example in API docs   ,The example ...'hosts' : [ { 'href' : 'http://your.ambari.server/api/v1/clusters/c1/hosts/host1'  'Hosts' : { 'cluster_name' : 'c1'  'host_name' : 'some.cluster.host' } }  { 'href' : 'http://your.ambari.server/api/v1/clusters/c1/hosts/host2'  'Hosts' : { 'cluster_name' : 'c1'  'host_name' : 'another.cluster.host' } ]... should read ... 'hosts' : [ { 'href' : 'http://your.ambari.server/api/v1/clusters/c1/hosts/some.host'  'Hosts' : { 'cluster_name' : 'c1'  'host_name' : 'some.host' } }  { 'href' : 'http://your.ambari.server/api/v1/clusters/c1/hosts/another.host'  'Hosts' : { 'cluster_name' : 'c1'  'host_name' : 'another.host' } } ]   ,1.2.4,1.2.5,0,2,120,1,4,2,0,0,0,0,0,0,2,3,ambari-server/docs/api/v1/clusters-cluster.md;ambari-server/docs/api/v1/index.md;ambari-server/docs/api/v1/index.md;
340,2262,Bug,Resolved,Fixed,ambari-web   ,Blocker,Andrii Tkach,2013/06/03 19:24:24 +0100,2013/06/03 19:24:24 +0100,Andrii Tkach,2013/06/04 20:09:50 +0100,1.031550926,1.031550926,On 'install Options' page  when selecting 'Perform manual registration on hosts and do not use SSH' is setting 'Path to 64-bit JDK' disabled   ,On 'install Options' page  when selecting 'Perform manual registration on hosts and do not use SSH' is setting 'Path to 64-bit JDK' disabled(Screen Shot 2013-06-03 at 10.54.49 AM.png).Also path to 64-bit JDK JAVA_HOME' input field is enabled with unchecked check box(unchecked.png).Steps:1. Go to 'Install Options' page.Result:'Path to 64-bit JDK JAVA_HOME' input field is available for editing when check box is unchecked.   ,1.2.4,1.2.4,0,3,61,1,4,3,0,0,0,1,0,0,0,0,
341,2270,Improvement,Resolved,Fixed,ambari-agent; ambari-server   ,Critical,Dmytro Sen,2013/06/04 13:09:31 +0100,2013/06/04 13:09:31 +0100,Dmytro Sen,2013/06/07 19:38:27 +0100,3.270092593,3.270092593,Provide way to optionally enable two-way SSL for Server-Agent communication   ,The two-way SSL mechanism used during server-agent registration exists to protect communication. This is useful in production environments but in typical 'first use' or POC scenarios  having this level of security is not necessary. As well  certificate generation can be problematic causing failures.We need to provide a way to make this mechanism optional:1) By default  ship with Server-Agent Two-Way SSL off.2) At any time post install  a user should be able to turn on Two-Way SSL and turn it back off  etc.   ,1.2.3,1.2.5,0,2,82,1,5,2,0,0,0,1,0,0,0,0,
346,2337,Bug,Resolved,Fixed,ambari-web   ,Major,Jaimin D Jetly,2013/06/10 01:32:42 +0100,2013/06/10 01:32:42 +0100,Jaimin D Jetly,2013/06/10 03:35:12 +0100,0.08506944400000001,0.08506944400000001,Security Wizard: navigation not locked down  causes artifacts  and other unwanted side effects   ,   ,1.2.5,1.2.5,0,2,1,1,2,1,1,0,0,1,0,0,0,0,
348,2349,Bug,Resolved,Fixed,ambari-server   ,Major,Oleksandr Diachenko,2013/06/10 20:51:37 +0100,2013/06/10 20:51:37 +0100,Oleksandr Diachenko,2013/06/13 01:02:16 +0100,2.1740625,2.1740625,Enhance processing of ojdbc.jar before starting ambari server   ,Enhancements: Read RESOURCE_DIR from the ambari.properties Ask user twice to place drivers to /usr/share/java   ,1.2.4,1.2.4,0,4,14,1,6,3,1,0,0,0,0,0,0,0,
351,2371,Bug,Resolved,Fixed,ambari-web   ,Major,Jaimin D Jetly,2013/06/13 01:14:30 +0100,2013/06/13 01:14:30 +0100,Jaimin D Jetly,2013/06/13 01:48:34 +0100,0.023657407000000002,0.023657407000000002,Security Wizard: webhcat Server start fails on enabling security   ,This happens when templeton.kerberos.principal property is set to HTTP/_HOST@&lt;realm name&gt; instead of HTTP/&lt;internal host name&gt;@&lt;realm name&gt;   ,1.2.5,1.2.5,0,2,16,1,2,2,1,0,0,1,0,0,1,2,ambari-web/app/controllers/main/admin/security/add/step3.js;ambari-web/app/controllers/main/admin/security/disable.js;
353,2375,Improvement,Resolved,Fixed,ambari-web   ,Major,Andrii Tkach,2013/06/13 11:08:43 +0100,2013/06/13 11:08:43 +0100,Andrii Tkach,2013/06/14 18:52:42 +0100,1.322210648,1.322210648,Unit Tests: Added tests to models   ,Added unit tests to models: Rack  Host  HostComponent.   ,1.2.5,1.2.5,0,3,8,1,5,3,1,0,0,0,0,0,0,0,
355,2383,Bug,Resolved,Fixed,ambari-server   ,Major,Siddharth Wagle,2013/06/14 01:27:41 +0100,2013/06/14 01:27:41 +0100,Siddharth Wagle,2013/06/15 01:28:43 +0100,1.000717593,1.000717593,Add unit tests for ambari-server python changes   ,AMBARI-2174 - Add missing unit tests for the code changes   ,1.2.5,1.2.5,0,2,21,1,1,1,1,0,0,0,0,0,1,1,ambari-web/app/utils/host_progress_popup.js;
358,2402,Improvement,Resolved,Fixed,ambari-web   ,Major,Xi Wang,2013/06/17 19:38:30 +0100,2013/06/17 19:38:30 +0100,Xi Wang,2013/06/17 19:55:46 +0100,0.011990741000000001,0.011990741000000001,Add support for 'classic' dashboard   ,   ,1.2.5,1.2.5,0,2,1,1,1,1,1,0,0,0,0,0,0,0,
359,2403,Bug,Resolved,Fixed,ambari-server   ,Major,Dmitry Lysnichenko,2013/06/17 19:58:12 +0100,2013/06/17 19:58:12 +0100,Dmitry Lysnichenko,2013/06/18 06:49:20 +0100,0.452175926,0.452175926,ambari-server setup should allow user to change database password   ,If we run setup second time. Amabri should allow user to change the DB password for the ambari-user.Currently  the executed script should allow for this.command: &#91;&#39;su&#39;  &#39;-&#39;  &#39;postgres&#39;  &#39;--command=psql -f /var/lib/ambari-server/resources/Ambari-DDL-Postgres-CREATE.sql -v username=/&#39;&quot;ambari-server&quot;/&#39; -v password=&quot;/&#39;/&#39;&quot;&#39;&#93;   ,1.2.5,1.2.5,0,3,36,1,2,2,0,0,0,1,0,0,0,0,
366,2443,Bug,Resolved,Fixed,ambari-agent; ambari-web   ,Major,Jaimin D Jetly,2013/06/20 09:50:23 +0100,2013/06/20 09:50:23 +0100,Jaimin D Jetly,2013/06/21 19:00:13 +0100,1.3818287040000001,1.3818287040000001,Security wizard: smoke test for services fails with customized service user names.   ,   ,1.2.5,1.2.5,0,2,1,1,2,2,1,0,0,1,0,0,0,0,
372,2475,Bug,Resolved,Fixed,   ,Major,Ximo Guanter,2013/06/24 10:09:58 +0100,2014/02/24 20:51:01 +0100,Ximo Guanter,2014/03/03 02:24:42 +0100,251.67689810000002,6.231724537000001,Ambari bootstrap actions report success even if a failure happened   ,Sometimes  bootstrap actions reports success even if it has failed host tasks:&lt;bootStrapRequest&gt; &lt;status&gt;SUCCESS&lt;/status&gt; &lt;hostsStatus&gt; &lt;hostName&gt;andromeda54.hi.inet&lt;/hostName&gt; &lt;status&gt;FAILED&lt;/status&gt; &lt;statusCode&gt;1&lt;/statusCode&gt; &lt;log&gt; [...] &lt;/log&gt; &lt;/hostsStatus&gt; &lt;hostsStatus&gt; &lt;hostName&gt;andromeda55.hi.inet&lt;/hostName&gt; &lt;status&gt;FAILED&lt;/status&gt; &lt;statusCode&gt;1&lt;/statusCode&gt; &lt;log&gt; [...] &lt;/log&gt; &lt;/hostsStatus&gt; &lt;log&gt; [...] &lt;/log&gt;&lt;/bootStrapRequest&gt;   ,1.3.0,1.5.0,0,2,65,1,4,2,1,0,0,0,0,0,0,0,
379,2515,Bug,Resolved,Fixed,ambari-web   ,Major,Jaimin D Jetly,2013/06/27 19:52:04 +0100,2013/06/27 19:52:04 +0100,Jaimin D Jetly,2013/06/27 20:11:36 +0100,0.013564815,0.013564815,Cannot add property mapred.task.tracker.task-controller   ,   ,1.2.5,1.2.5,0,2,1,1,2,2,0,0,0,1,0,0,0,0,
384,2532,Bug,Resolved,Fixed,ambari-agent   ,Major,Siddharth Wagle,2013/07/02 00:00:50 +0100,2013/07/02 00:00:50 +0100,Siddharth Wagle,2013/07/02 00:07:51 +0100,0.004872685,0.004872685,Incorrect permission on taskcontroller.cfg   ,/etc/conf/hadoop/taskcontroller.cfgIn secure mode permissions are set to '400'.   ,1.2.5,1.2.5,0,2,8,1,2,2,0,0,0,1,0,0,0,0,
387,2545,Bug,Resolved,Fixed,ambari-agent   ,Critical,Dmitry Lysnichenko,2013/07/02 20:56:50 +0100,2013/07/02 20:56:50 +0100,Dmitry Lysnichenko,2013/07/02 22:00:16 +0100,0.044050926,0.044050926,Regression: Agent external hostname is not verified during bootstrap with no warnings   ,When confirming hosts using external addresses bootstrapping should be failed immediately and a warning should be logged. Right now this functionality is broken  neither warning in log nor failing immediately present   ,1.2.5,1.2.5,0,3,31,1,2,2,0,0,0,0,0,0,0,0,
391,2568,Bug,Resolved,Fixed,ambari-agent   ,Critical,Dmitry Lysnichenko,2013/07/04 19:46:27 +0100,2013/07/04 19:46:27 +0100,Dmitry Lysnichenko,2013/07/04 21:37:59 +0100,0.077453704,0.077453704,Setup LDAP does not validate true/false response   ,Garbage responses to true/false questions just pass thru. Notice below  just put in garbage for Use SSL and that's what it would have written.Need validation to confirm they enter either 1) return to accept default or 2) the word true or 3) the word false. Else  inform the user'Property must be 'true' or 'false'.' and ask again.Secondary URL :Use SS &#91;true/false&#93; (false): asdUser name attribute* (uid):Base DN* :Property cannot be blank.Base DN* : asdBind anonymously* true/false (false):Manager DN* :asdEnter Manager Password*:Re-enter password:Passwords do not matchEnter Manager Password*:Re-enter password:====================Review Settings====================authentication.ldap.primaryUrl: my.url:849authentication.ldap.useSSL: asdauthentication.ldap.usernameAttribute: uid   ,1.2.5,1.2.5,0,3,93,1,2,2,0,0,0,1,0,0,0,0,
401,2613,Bug,Resolved,Fixed,ambari-web   ,Major,Aleksandr Kovalenko,2013/07/10 12:12:45 +0100,2013/07/10 12:12:45 +0100,Aleksandr Kovalenko,2013/07/11 19:31:40 +0100,1.304803241,1.304803241,Host Checks: truncation on checked processes makes it difficult to know the actual processes in conflict   ,Processes are truncated too short and can't really tell what's in conflict. Since there is a lot of space on the right (in fact  the hostname column is too far to the left compared to other sections)  we should display more characters (with hover tooltip showing full text).   ,1.2.5,1.2.5,0,3,48,1,5,3,0,0,0,0,0,0,0,0,
404,2631,Bug,Resolved,Fixed,ambari-server   ,Major,Oleksandr Diachenko,2013/07/11 20:30:58 +0100,2013/07/12 05:23:45 +0100,Sumit Mohanty,2013/07/12 05:29:14 +0100,0.37379629600000003,0.00380787,Host cleanup left two packages(ambari-log4j  libconfuse)   ,   ,1.2.5,1.2.5,0,4,1,1,4,3,1,0,0,0,0,0,0,0,
405,2632,Bug,Resolved,Fixed,   ,Critical,Xi Wang,2013/07/11 22:29:13 +0100,2013/07/11 22:29:13 +0100,Xi Wang,2013/07/11 23:05:30 +0100,0.025196759,0.025196759,Dashboard Widgets: 'hover to show details' experience is jarring   ,   ,1.2.5,1.2.5,0,2,1,1,3,1,1,0,0,0,0,0,0,0,
406,2633,Bug,Resolved,Fixed,   ,Major,Sumit Mohanty,2013/07/12 00:11:14 +0100,2013/07/12 00:11:14 +0100,Sumit Mohanty,2013/07/12 00:30:09 +0100,0.013136574,0.013136574,Reset the latest stack version for 1.2.5   ,Reset the latest stack version for 1.2.5   ,1.2.5,1.2.5,0,2,7,1,2,2,1,0,0,0,0,0,0,0,
408,2636,Bug,Resolved,Fixed,   ,Major,Xi Wang,2013/07/12 01:48:21 +0100,2013/07/12 01:48:21 +0100,Xi Wang,2013/07/17 22:50:04 +0100,5.87619213,5.87619213,Dashboard Metrics legend size increased unexpectedly on mouseover from line space   ,This happened in a very specific situation.1. Put mouse on the line space around a metric widget.2. hover on the widget with mouse down.Result:The legend show up as a strange bigger size.   ,1.2.5,1.2.5,0,2,32,1,3,2,0,0,0,0,0,0,0,0,
411,2642,Improvement,Resolved,Fixed,ambari-web   ,Major,Oleg Nechiporenko,2013/07/12 16:51:21 +0100,2013/07/12 16:51:21 +0100,Oleg Nechiporenko,2013/07/23 21:57:56 +0100,11.21290509,11.21290509,Update Ember-I18n   ,   ,1.4.0,1.4.0,0,3,1,1,3,3,1,0,0,0,0,0,0,0,
414,2646,Improvement,Resolved,Fixed,ambari-web   ,Major,Jeff Sposetti,2013/07/13 05:15:10 +0100,2013/07/13 05:15:10 +0100,Jeff Sposetti,2013/07/17 22:38:37 +0100,4.724618056000001,4.724618056000001,Improve styles for HostCleanup code area   ,   ,1.2.5,1.2.5,0,3,1,1,3,2,0,0,0,0,0,0,0,0,
415,2653,Bug,Resolved,Fixed,ambari-agent; ambari-server   ,Major,Dmytro Shkvyra,2013/07/16 13:28:36 +0100,2013/07/17 12:34:26 +0100,Dmytro Shkvyra,2013/07/17 17:53:52 +0100,1.184212963,0.221828704,Add umask checks for host checks - we should alert if umask is not 022.   ,Add umask checks for host checks - we should alert if umask is not 022.   ,1.2.5,1.2.5,0,4,15,1,2,2,1,0,0,0,0,0,0,0,
417,2660,Bug,Resolved,Fixed,ambari-web   ,Major,Srimanth Gunturi,2013/07/16 19:37:04 +0100,2013/07/16 19:37:04 +0100,Srimanth Gunturi,2013/07/16 19:55:47 +0100,0.012997685,0.012997685,Host checks say pass when all hosts failed to register   ,When all hosts fail to register  there are no warnings  and hence we show OK for host checks.   ,1.2.5,1.2.5,0,2,18,1,2,2,1,0,0,0,0,0,0,0,
425,2697,Bug,Resolved,Fixed,ambari-web   ,Major,Jaimin D Jetly,2013/07/20 01:56:29 +0100,2013/07/20 01:56:29 +0100,Jaimin D Jetly,2013/07/20 02:23:57 +0100,0.019074074,0.019074074,Disable security not working in web-ui testMode.   ,   ,1.2.5,1.2.5,0,2,1,1,2,2,0,0,0,1,0,0,1,1,ambari-web/app/controllers/main/admin/security/disable.js;
426,2698,Bug,Resolved,Fixed,ambari-web   ,Major,Aleksandr Kovalenko,2013/07/22 15:49:49 +0100,2013/07/22 15:49:49 +0100,Aleksandr Kovalenko,2013/07/23 20:35:51 +0100,1.198634259,1.198634259,Host specific progress bar for a task has some inconsistencies   ,See the attached images. The third image added is a summary of what was going on.   ,1.2.5,1.4.0,0,3,16,1,3,2,1,0,0,0,0,0,0,0,
428,2707,Bug,Resolved,Fixed,ambari-web   ,Major,Oleg Nechiporenko,2013/07/23 16:50:13 +0100,2013/07/23 16:50:13 +0100,Oleg Nechiporenko,2013/07/23 22:01:21 +0100,0.216064815,0.216064815,Fix JS Unit tests after merge 1.4.0 to trunk   ,   ,1.4.0,1.4.0,0,4,1,1,6,4,1,0,0,0,0,0,0,0,
442,2769,Improvement,Resolved,Fixed,ambari-web   ,Major,Andrii Babiichuk,2013/07/30 16:55:33 +0100,2013/07/30 16:55:33 +0100,Andrii Babiichuk,2013/07/30 22:57:24 +0100,0.251284722,0.251284722,FE should show the error-details when it encounters error while persisting web client state   ,Error which occurred while requesting cluster status is not informative.Change url in request for cluster state  go to admin page and try to enable security.   ,1.2.5,1.4.0,0,3,25,1,3,3,1,0,0,1,0,0,0,0,
449,2829,Improvement,Resolved,Fixed,ambari-web   ,Major,Oleg Nechiporenko,2013/08/07 13:44:53 +0100,2013/08/07 16:46:23 +0100,Oleg Nechiporenko,2013/08/08 19:27:29 +0100,1.2379166670000001,1.111875,Dashboard refactor and Unit tests   ,   ,1.4.0,1.4.0,0,4,1,1,4,4,1,0,0,0,0,0,0,0,
465,2903,Bug,Resolved,Fixed,   ,Major,Mahadev konar,2013/08/15 01:27:16 +0100,2013/08/15 01:27:16 +0100,Mahadev konar,2013/08/15 01:42:14 +0100,0.010393519,0.010393519,Add HBase 96 metrics changes to jmx in a backwards compatible way.   ,Add HBase 96 metrics changes to jmx in a backwards compatible way.   ,1.4.0,1.4.0,0,2,13,1,2,2,0,0,0,0,0,0,0,0,
472,2943,Bug,Resolved,Fixed,   ,Major,Mahadev konar,2013/08/17 02:02:18 +0100,2013/08/17 02:02:18 +0100,Mahadev konar,2013/08/17 02:05:04 +0100,0.001921296,0.001921296,Oozie smoke tests fail on Ambari with NPE in Oozie Server.   ,Oozie smoke tests fail on Ambari with NPE in Oozie Server.   ,1.4.0,1.4.0,0,2,11,1,3,2,0,0,0,0,0,0,0,0,
476,2973,Bug,Resolved,Fixed,ambari-agent; ambari-server   ,Major,Vladimir Tkhir,2013/08/21 11:46:56 +0100,2013/08/21 16:41:37 +0100,Vladimir Tkhir,2013/08/22 06:49:25 +0100,0.7933912040000001,0.58875,Ambari server and agent are not stopped during package uninstall   ,When ambari-agent and ambari-server packages are uninstalled  uninstall scriplets don't stop running services. That's why processes remain running even after package removal. That may cause issues during upgrade (if administrator misses the 'stop services' step)[root@host01 ~]$ ambari-server statusUsing python /usr/bin/python2.6Ambari-server statusAmbari Server runningFound Ambari Server PID: '7850 at: /var/run/ambari-server/ambari-server.pid[root@host01]# ambari-agent statusFound ambari-agent PID: 3521ambari-agent running.Agent PID at: /var/run/ambari-agent/ambari-agent.pidAgent out at: /var/log/ambari-agent/ambari-agent.outAgent log at: /var/log/ambari-agent/ambari-agent.log[root@host01]# rpm -e ambari-server[root@host01]# rpm -e ambari-agent[root@host01]# ps aux | grep ambari | grep -v grep | grep -v postgresroot 7850 2.1 13.2 3031480 254212 ? Sl 20:51 0:36 /usr/jdk64/jdk1.6.0_31/bin/java -server -XX:NewRatio=3 -XX:+UseConcMarkSweepGC -XX:-UseGCOverheadLimit -XX:CMSInitiatingOccupancyFraction=60 -Xms512m -Xmx2048m -cp /etc/ambari-server/conf:/usr/lib/ambari-server/*:/sbin:/bin:/usr/sbin:/usr/bin:/usr/lib/ambari-server/* org.apache.ambari.server.controller.AmbariServerroot 3521 0.7 1.1 499760 22544 ? Sl 20:53 0:12 /usr/bin/python2.6 /usr/lib/python2.6/site-packages/ambari_agent/main.py start restart --expected-hostname=host01   ,1.4.1,1.4.1,0,2,128,1,2,2,0,0,0,0,0,0,0,0,
479,3019,Bug,Resolved,Fixed,ambari-server   ,Major,Siddharth Wagle,2013/08/23 22:01:18 +0100,2013/08/23 22:01:18 +0100,Siddharth Wagle,2013/08/23 22:12:48 +0100,0.007986111,0.007986111,Ambari should always point to latest repo   ,Ambari should always point to latest repo.   ,1.4.0,1.4.0,0,2,7,1,2,2,0,0,0,0,0,0,0,0,
487,3069,Bug,Resolved,Fixed,ambari-web   ,Major,Oleg Nechiporenko,2013/09/02 15:48:16 +0100,2013/09/02 15:48:16 +0100,Oleg Nechiporenko,2013/09/03 17:56:39 +0100,1.089155093,1.089155093,Fix Unit tests   ,   ,1.4.1,1.4.1,0,2,1,1,3,2,1,0,0,0,0,0,0,0,
496,3112,Bug,Resolved,Fixed,ambari-agent   ,Major,Jaimin D Jetly,2013/09/05 18:03:04 +0100,2013/09/05 18:03:04 +0100,Jaimin D Jetly,2013/09/05 19:21:58 +0100,0.054791667,0.054791667,Security wizard: disabling security does not return to initial condition after enabling security fails.   ,Steps to reproduce:1. enable security WITHOUT pre-configuring kerberos on cluster and see failures on '3. Start Services';2. disable security.In the end DataNode fails on ALL hosts without a possibility to get started.When you try to start DataNode manually it also ends with error:err: /Stage[2]/Hdp-hadoop::Datanode/Hdp-hadoop::Service[datanode]/Hdp::Exec[su - hdfs -c 'export HADOOP_LIBEXEC_DIR=/usr/lib/hadoop/libexec &amp;&amp; /usr/lib/hadoop/sbin/hadoop-daemon.sh --config /etc/hadoop/conf start datanode']/Exec[su - hdfs -c 'export HADOOP_LIBEXEC_DIR=/usr/lib/hadoop/libexec &amp;&amp; /usr/lib/hadoop/sbin/hadoop-daemon.sh --config /etc/hadoop/conf start datanode']/returns: change from notrun to 0 failed: su - hdfs -c 'export HADOOP_LIBEXEC_DIR=/usr/lib/hadoop/libexec &amp;&amp; /usr/lib/hadoop/sbin/hadoop-daemon.sh --config /etc/hadoop/conf start datanode' returned 1 instead of one of [0] at /var/lib/ambari-agent/puppet/modules/hdp/manifests/init.pp:479   ,1.4.1,1.4.1,0,2,101,1,3,2,0,0,0,1,0,0,1,1,ambari-agent/src/main/puppet/modules/hdp-hadoop/manifests/service.pp;
